predictor,n,AUC_boot,AUC_lo,AUC_hi,cut_youden,sens_at_cut,spec_at_cut,MWU_p
sas,35,0.912828947368421,0.7861842105263159,0.993421052631579,1.0,0.9375,0.8421052631578947,1.6089757573715838e-05
duration_months,35,0.8453947368421053,0.6710115131578948,0.9802631578947367,1.0,1.0,0.736842105263158,0.0004501851928231397
nis_ll,35,0.7697368421052632,0.6019736842105264,0.9128700657894734,2.0,0.75,0.8421052631578947,0.003418366130853579
hba1c_pct,35,0.7368421052631579,0.5394736842105263,0.9111842105263159,6.2,0.8125,0.8421052631578947,0.014333146003884849
sex,35,0.705592105263158,0.5852384868421052,0.837171052631579,1.0,0.9375,0.4736842105263158,0.008722718860657756
npsi,35,0.6595394736842105,0.5164062500000001,0.7927631578947367,5.0,0.4375,0.8947368421052632,0.03846058872247211
age,35,0.6101973684210527,0.4046052631578948,0.794407894736842,66.0,0.625,0.6842105263157895,0.28894307743741643
snap_sural_nerve,35,0.555921052631579,0.3585115131578947,0.7582236842105262,2.8,0.5625,0.736842105263158,0.5538224935480366
