predictor,n,AUC_boot,AUC_lo,AUC_hi,cut_youden,sens_at_cut,spec_at_cut,MWU_p
sas,35,0.9177631578947368,0.7877878289473685,1.0,1.0,1.0,0.8947368421052632,1.076341354300055e-05
nis_ll,35,0.8355263157894737,0.6874588815789473,0.9638157894736842,2.0,0.8125,0.8947368421052632,0.0002620530859278568
duration_months,35,0.799342105263158,0.6150904605263159,0.9473684210526316,1.0,1.0,0.736842105263158,0.002314156688140324
age,35,0.7236842105263157,0.5230263157894737,0.8865542763157893,61.0,0.8125,0.6842105263157895,0.027543109221617016
npsi,35,0.6578947368421052,0.5147615131578948,0.794490131578947,5.0,0.4375,0.8947368421052632,0.03846058872247211
sex,35,0.6480263157894737,0.506578947368421,0.7845394736842105,1.0,0.875,0.42105263157894735,0.05977540161968563
snap_sural_nerve,35,0.5953947368421053,0.4062088815789474,0.7878700657894734,2.8,0.625,0.7894736842105263,0.304247720279211
hba1c_pct,35,0.587171052631579,0.37331414473684216,0.7894736842105262,6.2,0.6875,0.736842105263158,0.3857860297984307
