predictor,n,AUC_boot,AUC_lo,AUC_hi,cut_youden,sens_at_cut,spec_at_cut,MWU_p
sas,35,0.9144736842105263,0.784498355263158,1.0,1.0,1.0,0.8947368421052632,1.076341354300055e-05
nis_ll,35,0.8355263157894738,0.6842105263157894,0.9523026315789473,2.0,0.8125,0.8947368421052632,0.0002620530859278568
duration_months,35,0.8001644736842106,0.618421052631579,0.9506990131578945,1.0,1.0,0.736842105263158,0.002314156688140324
age,35,0.7253289473684211,0.5344983552631579,0.8947779605263155,61.0,0.8125,0.6842105263157895,0.027543109221617016
npsi,35,0.6611842105263157,0.5131578947368421,0.8026315789473685,5.0,0.4375,0.8947368421052632,0.03846058872247211
sex,35,0.6480263157894737,0.5016447368421052,0.7845394736842105,1.0,0.875,0.42105263157894735,0.05977540161968563
snap_sural_nerve,35,0.6019736842105263,0.39144736842105265,0.7960526315789473,2.8,0.625,0.7894736842105263,0.304247720279211
hba1c_pct,35,0.5838815789473684,0.37664473684210525,0.7895148026315788,6.2,0.6875,0.736842105263158,0.3857860297984307
