feature,spearman_r,p_value,n
npsi,0.6465844332585297,2.711595664126812e-05,35
ienfd_per_mm,-0.10752751640249275,0.5386701741350852,35
