feature,partial_spearman_r,p_value,n
"npsi | age,duration",0.48515406162464986,0.0031370008850186027,35
"ienfd_per_mm | age,duration",-0.35490196078431374,0.036436718738742956,35
